priority_accuracy,median_duration_error,mean_duration_error
0.9991869918699187,16.789809021630866,50.17054550305133
