training_size,median_error
500,30.22165623893556
1000,25.1847135324463
1500,21.826751728120126
2000,18.468789923793953
2460,16.789809021630866
